{
    "SUM ABS DIFF BEFORE OPTIM": 3225.5607213974,
    "SUM ABS DIFF AFTER OPTIM": 2833.2414569854736,
    "TRAINING LOSS": [
        3225.5607213974,
        3165.09033536911,
        3062.368715763092,
        2992.1736545562744,
        2947.916455745697,
        2919.157160758972,
        2898.280023574829,
        2886.403467655182,
        2879.2937350273132,
        2875.297422885895,
        2873.4471583366394,
        2873.1713676452637,
        2871.769824028015,
        2869.5068497657776,
        2866.5827445983887,
        2863.1445264816284,
        2859.3118720054626,
        2856.5030121803284,
        2854.5450868606567,
        2853.305200576782,
        2852.6766986846924,
        2852.5758805274963,
        2852.0294194221497,
        2851.0947132110596,
        2849.8219318389893,
        2848.255012989044,
        2846.428186893463,
        2845.0348601341248,
        2844.0298833847046,
        2843.37441778183,
        2843.033549785614,
        2842.9772896766663,
        2842.6671781539917,
        2842.1247997283936,
        2841.371057510376,
        2840.4238443374634,
        2839.301393508911,
        2838.4334959983826,
        2837.797797203064,
        2837.376437187195,
        2837.1542234420776,
        2837.1171798706055,
        2836.9100499153137,
        2836.544424057007,
        2836.0311608314514,
        2835.3802847862244,
        2834.601376056671,
        2833.9919714927673,
        2833.542057991028,
        2833.2414569854736
    ],
    "MIN LOSS": 2833.2414569854736,
    "OPT PARAMS CXY COEFFS": [
        [
            1.0859473085891063,
            -0.0005565875148350164,
            5.428404929131248e-07
        ],
        [
            1.090063371051872,
            -0.00036503197234995173,
            4.5235569106946744e-07
        ]
    ],
    "OPT PARAMS CXY BIAS": [
        2758.0071580488266,
        1218.9914688872198,
        0.0
    ],
    "OPT PARAMS AXIS LENGTHS AND ANGLES": [
        [
            2499.644029705883,
            0.18511499359863243,
            0.03477384691148452,
            2.8872818994076033,
            -0.0345379393914061,
            -0.023174731410407653,
            -0.12440854809980496,
            -0.016140677437448212,
            0.0,
            0.0
        ],
        [
            2765.5421303017183,
            -6.8406602470958875,
            -4.393790731453411,
            0.01841250223881043,
            0.012822797204163258,
            0.2721571933191026,
            0.0,
            0.0,
            0.0,
            0.0
        ],
        [
            -93.08429292042463,
            9.424976091229977,
            1.3207377557241842,
            0.4691892629407419,
            0.33947206586713935,
            -0.7445072838375424,
            0.0,
            0.0,
            0.0,
            0.0
        ]
    ]
}