{
    "SUM ABS DIFF BEFORE OPTIM": 3216.14657831192,
    "SUM ABS DIFF AFTER OPTIM": 3077.561117887497,
    "TRAINING LOSS": [
        3473.0477175712585,
        3321.2505836486816,
        3273.681182384491,
        3237.775409221649,
        3212.861295223236,
        3191.7687664031982,
        3173.257241010666,
        3160.927722454071,
        3152.6895649433136,
        3147.2985813617706,
        3143.9547646045685,
        3142.1432251930237,
        3139.595430135727,
        3136.4877915382385,
        3132.9463968276978,
        3129.0788004398346,
        3124.9655373096466,
        3121.7767248153687,
        3119.367079973221,
        3117.6213822364807,
        3116.4459364414215,
        3115.763253927231,
        3114.743945121765,
        3113.4323863983154,
        3111.865991830826,
        3110.078449010849,
        3108.0979816913605,
        3106.509444952011,
        3105.27050280571,
        3104.3471636772156,
        3103.7087955474854,
        3103.329175233841,
        3102.749887943268,
        3101.9889402389526,
        3101.064884662628,
        3099.9913392066956,
        3098.780928134918,
        3097.7936170101166,
        3097.013725042343,
        3096.42444562912,
        3096.012032032013,
        3095.763419866562,
        3095.3794367313385,
        3094.870176076889,
        3094.243986606598,
        3093.5088624954224,
        3092.671949863434,
        3091.9832017421722,
        3091.433844566345,
        3091.0155158042908,
        3090.7201998233795,
        3090.5411071777344,
        3090.2624645233154,
        3089.8904151916504,
        3089.429697036743,
        3088.8857295513153,
        3088.262622356415,
        3087.7468020915985,
        3087.332718372345,
        3087.0156667232513,
        3086.7911043167114,
        3086.6541652679443,
        3086.4402091503143,
        3086.152860403061,
        3085.7955930233,
        3085.3722343444824,
        3084.885549545288,
        3084.4807171821594,
        3084.155126810074,
        3083.9051826000214,
        3083.7269864082336,
        3083.6178834438324,
        3083.4469010829926,
        3083.2172300815582,
        3082.929836988449,
        3082.588682413101,
        3082.1950447559357,
        3081.866431236267,
        3081.6018738746643,
        3081.39723944664,
        3081.251146554947,
        3081.1618978977203,
        3081.021521806717,
        3080.831750392914,
        3080.5944533348083,
        3080.311336040497,
        3079.9839918613434,
        3079.7108793258667,
        3079.48982834816,
        3079.3188462257385,
        3079.1965911388397,
        3079.1214735507965,
        3079.0032908916473,
        3078.8431236743927,
        3078.643182992935,
        3078.403757572174,
        3078.1266174316406,
        3077.8946721553802,
        3077.706861257553,
        3077.561117887497
    ],
    "MIN LOSS": 3077.561117887497,
    "OPT PARAMS CXY COEFFS": [
        [
            1.059759768578378,
            -0.0003157423198170497,
            3.193228432775709e-07
        ],
        [
            1.0597597919021216,
            -0.0003157190829371313,
            3.4252142397655937e-07
        ]
    ],
    "OPT PARAMS CXY BIAS": [
        2758.098527054465,
        1218.8846781762204,
        0.0
    ],
    "OPT PARAMS AXIS LENGTHS AND ANGLES": [
        [
            2499.643824835488,
            0.1843680070684441,
            0.03523436563135043,
            2.8863263208098644,
            -0.03433996451516482,
            -0.023173029708383593,
            -0.12525538473016454,
            -0.017112239628478913,
            0.0,
            0.0
        ],
        [
            2765.538622217349,
            -6.844144683638119,
            -4.397398859988538,
            0.01496016395383466,
            0.009172221198836842,
            0.26856544819035516,
            0.0,
            0.0,
            0.0,
            0.0
        ],
        [
            -93.09230148261967,
            9.418548772607947,
            1.3075451800001472,
            0.4632060947703884,
            0.3240225835603836,
            -0.7522544551098581,
            0.0,
            0.0,
            0.0,
            0.0
        ]
    ]
}