{"SUM ABS DIFF BEFORE OPTIM": 3218.4428572654724, "SUM ABS DIFF AFTER OPTIM": 2766.2200360298157, "TRAINING LOSS": [3218.4428572654724, 2952.842261314392, 2910.482650756836, 2884.885009765625, 2864.6833443641663, 2847.584135055542, 2832.613070487976, 2822.6997423171997, 2816.0754895210266, 2811.7332940101624, 2809.0456023216248, 2807.587878227234, 2805.535014629364, 2803.0299587249756, 2800.1820130348206, 2797.072316646576, 2793.7580575942993, 2791.1907863616943, 2789.2537422180176, 2787.8509426116943, 2786.906440258026, 2786.357138156891, 2785.535675048828, 2784.477412223816, 2783.212056159973, 2781.765881538391, 2780.1633591651917, 2778.877871990204, 2777.8756608963013, 2777.1285996437073, 2776.611171722412, 2776.3030095100403, 2775.83207988739, 2775.212845802307, 2774.458589553833, 2773.5818314552307, 2772.5928378105164, 2771.7859716415405, 2771.1469554901123, 2770.6643748283386, 2770.3264088630676, 2770.122480869293, 2769.8074412345886, 2769.3890233039856, 2768.8741960525513, 2768.269730567932, 2767.5818572044373, 2767.0159187316895, 2766.564208984375, 2766.2200360298157], "MIN LOSS": 2766.2200360298157, "OPT PARAMS CXY COEFFS": [[1.0859473122047074, -0.0005565863686026215, 5.396263804711036e-07], [1.0900633730671503, -0.0003650303497362225, 4.5365499304139063e-07]], "OPT PARAMS CXY BIAS": [2758.0107302653446, 1218.9879468587196, 0.0], "OPT PARAMS AXIS LENGTHS AND ANGLES": [[2499.6442963649306, 0.18496464883290054, 0.03535028583675239, 2.886871536646092, -0.03371994335785055, -0.022973943343563084, -0.12491788538940293, -0.015173964963453612, 0.0, 0.0], [2765.5386203579715, -6.844183755866921, -4.397321194740184, 0.01487764046154896, 0.009280479774569162, 0.2686119854623174, 0.0, 0.0, 0.0, 0.0], [-93.0828297311316, 9.424503349249912, 1.3208002059254202, 0.467806092998937, 0.33889629396688165, -0.7436473680050836, 0.0, 0.0, 0.0, 0.0]]}