{
    "SUM ABS DIFF BEFORE OPTIM": 3224.102520942688,
    "SUM ABS DIFF AFTER OPTIM": 2721.3445687294006,
    "TRAINING LOSS": [
        3224.102520942688,
        2936.3673787117004,
        2889.317955493927,
        2863.598732948303,
        2842.5613861083984,
        2824.9422974586487,
        2809.4324021339417,
        2799.358865261078,
        2792.742455482483,
        2788.185628414154,
        2785.342007637024,
        2783.799259662628,
        2781.6371731758118,
        2778.991201400757,
        2775.977467060089,
        2772.7437238693237,
        2769.5204224586487,
        2766.805363178253,
        2764.7547698020935,
        2763.2610607147217,
        2762.2503089904785,
        2761.6621770858765,
        2760.7814474105835,
        2759.7463841438293,
        2758.4248719215393,
        2756.8688201904297,
        2755.2294940948486,
        2753.897349834442,
        2752.8083214759827,
        2751.9945464134216,
        2751.434579849243,
        2751.135000705719,
        2750.623034954071,
        2750.0017137527466,
        2749.2302265167236,
        2748.2773633003235,
        2747.259943008423,
        2746.442497730255,
        2745.7570271492004,
        2745.23907327652,
        2744.875970840454,
        2744.6583018302917,
        2744.35809469223,
        2743.9107761383057,
        2743.377227306366,
        2742.78657245636,
        2742.0495471954346,
        2741.444441795349,
        2741.0055508613586,
        2740.6364154815674,
        2740.3765745162964,
        2740.2188563346863,
        2739.9909143447876,
        2739.684156894684,
        2739.278000354767,
        2738.827411174774,
        2738.314830303192,
        2737.8597197532654,
        2737.4945845603943,
        2737.2216596603394,
        2737.0398392677307,
        2736.9184489250183,
        2736.728479385376,
        2736.493233203888,
        2736.1955137252808,
        2735.819511413574,
        2735.4146003723145,
        2735.0704016685486,
        2734.780378818512,
        2734.557147502899,
        2734.4056844711304,
        2734.3122868537903,
        2734.159234046936,
        2733.9786167144775,
        2733.7290983200073,
        2733.4218831062317,
        2733.103834629059,
        2732.823784351349,
        2732.5950961112976,
        2732.4187927246094,
        2732.3044095039368,
        2732.2259039878845,
        2732.1072387695312,
        2731.9617619514465,
        2731.755630016327,
        2731.5240154266357,
        2731.2659673690796,
        2731.0282368659973,
        2730.8361105918884,
        2730.6960339546204,
        2730.597797870636,
        2730.533091545105,
        2730.4308938980103,
        2730.308723449707,
        2730.143394947052,
        2729.9366483688354,
        2729.720995426178,
        2729.5250034332275,
        2729.362723827362,
        2729.2405347824097,
        2729.1597929000854,
        2729.1043272018433,
        2729.0169348716736,
        2728.911243915558,
        2728.771589279175,
        2728.593770980835,
        2728.408055305481,
        2728.24055147171,
        2728.1001467704773,
        2727.991291999817,
        2727.9239931106567,
        2727.8727555274963,
        2727.80123090744,
        2727.7087655067444,
        2727.579197406769,
        2727.435678958893,
        2727.2705430984497,
        2727.118529319763,
        2726.9965205192566,
        2726.9068388938904,
        2726.8426451683044,
        2726.8004121780396,
        2726.733808994293,
        2726.6531472206116,
        2726.5445652008057,
        2726.408311843872,
        2726.2627277374268,
        2726.1338963508606,
        2726.025242805481,
        2725.9410347938538,
        2725.885678768158,
        2725.847822189331,
        2725.790009021759,
        2725.718945980072,
        2725.617561340332,
        2725.5022206306458,
        2725.3731622695923,
        2725.2536964416504,
        2725.1564016342163,
        2725.083062648773,
        2725.0337195396423,
        2725.000326156616,
        2724.946960926056,
        2724.882152080536,
        2724.7955832481384,
        2724.685363292694,
        2724.570746421814,
        2724.4646410942078,
        2724.3767099380493,
        2724.3105792999268,
        2724.2659254074097,
        2724.2353534698486,
        2724.186671257019,
        2724.1281685829163,
        2724.049421787262,
        2723.9494285583496,
        2723.84553194046,
        2723.748680114746,
        2723.668348312378,
        2723.6095004081726,
        2723.567575931549,
        2723.539490699768,
        2723.4959115982056,
        2723.4436163902283,
        2723.3677773475647,
        2723.2830181121826,
        2723.185118675232,
        2723.095004081726,
        2723.021456718445,
        2722.9717168807983,
        2722.9291005134583,
        2722.903566837311,
        2722.8674364089966,
        2722.8156776428223,
        2722.745684146881,
        2722.6725120544434,
        2722.578269004822,
        2722.4955625534058,
        2722.4319310188293,
        2722.3831005096436,
        2722.3453426361084,
        2722.3217630386353,
        2722.2869787216187,
        2722.241394996643,
        2722.1773200035095,
        2722.1082162857056,
        2722.023850917816,
        2721.9478211402893,
        2721.8864302635193,
        2721.8446249961853,
        2721.80947637558,
        2721.7880148887634,
        2721.75342130661,
        2721.7132935523987,
        2721.6561160087585,
        2721.5846643447876,
        2721.513172149658,
        2721.441970348358,
        2721.384579181671,
        2721.3445687294006
    ],
    "MIN LOSS": 2721.3445687294006,
    "OPT PARAMS CXY COEFFS": [
        [
            1.0859473131438953,
            -0.000556589017720543,
            5.379213111060229e-07
        ],
        [
            1.0900633688879477,
            -0.0003650366135485699,
            4.4627067316643884e-07
        ]
    ],
    "OPT PARAMS CXY BIAS": [
        2758.011138961729,
        1218.9868867778296,
        0.0
    ],
    "OPT PARAMS AXIS LENGTHS AND ANGLES": [
        [
            2499.6443928716176,
            0.18466528906237042,
            0.0357122186262253,
            2.8862780111901936,
            -0.033094628392162095,
            -0.022951206563058855,
            -0.12569744274625314,
            -0.014292970132492757,
            0.0,
            0.0
        ],
        [
            2765.537540570134,
            -6.8452408635331885,
            -4.398421090559737,
            0.013840651261005808,
            0.008158082519262592,
            0.2675375016006342,
            0.0,
            0.0,
            0.0,
            0.0
        ],
        [
            -93.08515944708721,
            9.42204311499476,
            1.3180536076873761,
            0.4657319968106881,
            0.33584340771347876,
            -0.7469549898864358,
            0.0,
            0.0,
            0.0,
            0.0
        ]
    ]
}