{
    "SUM ABS DIFF BEFORE OPTIM": 3228.2821259498596,
    "SUM ABS DIFF AFTER OPTIM": 2611.3798117637634,
    "TRAINING LOSS": [
        3228.2821259498596,
        3033.274233341217,
        2963.8720054626465,
        2809.390950679779,
        2774.3555421829224,
        2745.716209411621,
        2721.0672335624695,
        2704.693221092224,
        2693.718497276306,
        2686.4989976882935,
        2682.004170894623,
        2679.558669567108,
        2676.10582447052,
        2671.8859486579895,
        2667.077673435211,
        2661.827374458313,
        2656.246376991272,
        2651.945659637451,
        2648.7122979164124,
        2646.372643470764,
        2644.799023628235,
        2643.884801387787,
        2642.519462585449,
        2640.769003391266,
        2638.681694984436,
        2636.3069195747375,
        2633.6895484924316,
        2631.5999302864075,
        2629.974518299103,
        2628.7656755447388,
        2627.930624485016,
        2627.433599948883,
        2626.674380302429,
        2625.6769580841064,
        2624.4646587371826,
        2623.057605743408,
        2621.4772210121155,
        2620.1916031837463,
        2619.1768198013306,
        2618.4109287261963,
        2617.874465942383,
        2617.5512166023254,
        2617.051407814026,
        2616.387532711029,
        2615.571942806244,
        2614.615343093872,
        2613.527813434601,
        2612.6343245506287,
        2611.9219737052917,
        2611.3798117637634
    ],
    "MIN LOSS": 2611.3798117637634,
    "OPT PARAMS CXY COEFFS": [
        [
            1.0859473231284291,
            -0.0005565869639205935,
            5.309279940452093e-07
        ],
        [
            1.0900633747922113,
            -0.00036502987233819116,
            4.533104523591316e-07
        ]
    ],
    "OPT PARAMS CXY BIAS": [
        2758.0215385828124,
        1218.9778245912144,
        0.0
    ],
    "OPT PARAMS AXIS LENGTHS AND ANGLES": [
        [
            2499.6446428650734,
            0.18490051449477193,
            0.03605875889661852,
            2.886600044944128,
            -0.0326815676574796,
            -0.02274815860268065,
            -0.12525276195513996,
            -0.01389626785796068,
            0.0,
            0.0
        ],
        [
            2765.528567903315,
            -6.854259023337291,
            -4.407501749314564,
            0.004789782555170923,
            -0.0009887922051756994,
            0.2584132280146481,
            0.0,
            0.0,
            0.0,
            0.0
        ],
        [
            -93.07967669411092,
            9.425269799466346,
            1.324065685236209,
            0.46572749709644873,
            0.3422855440940683,
            -0.7408765860745921,
            0.0,
            0.0,
            0.0,
            0.0
        ]
    ]
}