{
    "SUM ABS DIFF BEFORE OPTIM": 3246.172477722168,
    "SUM ABS DIFF AFTER OPTIM": 2721.9174938201904,
    "TRAINING LOSS": [
        3246.172477722168,
        4225.263055324554,
        2957.6266107559204,
        2843.877917766571,
        2817.9632329940796,
        2804.4134860038757,
        2794.886588573456,
        2787.489444255829,
        2781.3807888031006,
        2776.191460132599,
        2771.700330734253,
        2767.7784366607666,
        2764.2989387512207,
        2761.186718940735,
        2758.393581867218,
        2755.896471977234,
        2753.6180205345154,
        2751.5279297828674,
        2749.598720550537,
        2747.811412334442,
        2746.1491594314575,
        2744.599919319153,
        2743.1482667922974,
        2741.7840943336487,
        2740.4991693496704,
        2739.2859864234924,
        2738.138165950775,
        2737.0502223968506,
        2736.015615940094,
        2735.0317902565002,
        2734.095048427582,
        2733.2025656700134,
        2732.349269390106,
        2731.53223323822,
        2730.749360561371,
        2729.9977855682373,
        2729.2764134407043,
        2728.5826654434204,
        2727.9150972366333,
        2727.272102355957,
        2726.6515097618103,
        2726.0529222488403,
        2725.4750242233276,
        2724.916563987732,
        2724.376741886139,
        2723.85435962677,
        2723.347987651825,
        2722.8568229675293,
        2722.3801035881042,
        2721.9174938201904
    ],
    "MIN LOSS": 2721.9174938201904,
    "OPT PARAMS CXY COEFFS": [
        [
            1.085947321506759,
            -0.000556596485629199,
            5.372586829758281e-07
        ],
        [
            1.0900633695658266,
            -0.00036503439566605924,
            4.493200943950053e-07
        ]
    ],
    "OPT PARAMS CXY BIAS": [
        2758.023224387166,
        1218.9764530945445,
        0.0
    ],
    "OPT PARAMS AXIS LENGTHS AND ANGLES": [
        [
            2499.6446235482276,
            0.1854967698622523,
            0.035560454088316894,
            2.8875377388426013,
            -0.03358692941807099,
            -0.022640505679723633,
            -0.12423431737551678,
            -0.015078991916609788,
            0.0,
            0.0
        ],
        [
            2765.527161152878,
            -6.855591372865476,
            -4.4089726755808964,
            0.0035682154532110165,
            -0.0025091460563549913,
            0.25701246013022766,
            0.0,
            0.0,
            0.0,
            0.0
        ],
        [
            -93.08327842490945,
            9.426146873510408,
            1.3180712353450015,
            0.4682640978328236,
            0.33541805851128176,
            -0.743430700570349,
            0.0,
            0.0,
            0.0,
            0.0
        ]
    ]
}