{
    "SUM ABS DIFF BEFORE OPTIM": 3224.8696117401123,
    "SUM ABS DIFF AFTER OPTIM": 2769.5550441741943,
    "TRAINING LOSS": [
        3224.8696117401123,
        3036.7927751541138,
        2870.5760626792908,
        2851.0026926994324,
        2838.4337363243103,
        2829.3729305267334,
        2822.4308066368103,
        2816.8771362304688,
        2812.3011536598206,
        2808.4501147270203,
        2805.1426091194153,
        2802.265664577484,
        2799.7329063415527,
        2797.476748943329,
        2795.4514260292053,
        2793.620858669281,
        2791.955268383026,
        2790.434277534485,
        2789.0526452064514,
        2787.7747206687927,
        2786.5879559516907,
        2785.4833488464355,
        2784.4518179893494,
        2783.4849042892456,
        2782.57599067688,
        2781.719515800476,
        2780.9099884033203,
        2780.143488407135,
        2779.4159183502197,
        2778.7249431610107,
        2778.0670256614685,
        2777.4399223327637,
        2776.841579437256,
        2776.269211769104,
        2775.720923423767,
        2775.1950726509094,
        2774.6900963783264,
        2774.205069541931,
        2773.7384424209595,
        2773.2890133857727,
        2772.855875015259,
        2772.4383034706116,
        2772.0349583625793,
        2771.645236968994,
        2771.2684650421143,
        2770.9038190841675,
        2770.550976753235,
        2770.2088470458984,
        2769.8768739700317,
        2769.5550441741943
    ],
    "MIN LOSS": 2769.5550441741943,
    "OPT PARAMS CXY COEFFS": [
        [
            1.0859473128230899,
            -0.0005565904114205434,
            5.391581067805145e-07
        ],
        [
            1.0900633700220193,
            -0.00036503320826524355,
            4.510043259080773e-07
        ]
    ],
    "OPT PARAMS CXY BIAS": [
        2758.0113054017684,
        1218.9873777687922,
        0.0
    ],
    "OPT PARAMS AXIS LENGTHS AND ANGLES": [
        [
            2499.644234895984,
            0.1851009549802738,
            0.03512242937019472,
            2.8871546642215558,
            -0.03405778108613778,
            -0.02308512759566901,
            -0.12458745050063834,
            -0.015571214689728295,
            0.0,
            0.0
        ],
        [
            2765.5378769397867,
            -6.844929013735127,
            -4.398079248923554,
            0.01413212225948075,
            0.008513559185224926,
            0.26785242488001115,
            0.0,
            0.0,
            0.0,
            0.0
        ],
        [
            -93.08156659831943,
            9.425231953434748,
            1.3199781140169518,
            0.4675913115308368,
            0.3370384385476244,
            -0.7432655368400494,
            0.0,
            0.0,
            0.0,
            0.0
        ]
    ]
}