{
    "SUM ABS DIFF BEFORE OPTIM": 3234.4163427352905,
    "SUM ABS DIFF AFTER OPTIM": 2851.3593802452087,
    "TRAINING LOSS": [
        3234.4163427352905,
        3218.119080066681,
        3110.1142868995667,
        3031.7601165771484,
        2978.574966430664,
        2942.8685002326965,
        2917.4467902183533,
        2904.347259044647,
        2896.89621257782,
        2892.840892791748,
        2891.0943307876587,
        2891.0220232009888,
        2889.703528881073,
        2887.4335412979126,
        2884.438973903656,
        2880.892382144928,
        2876.9192066192627,
        2874.0447583198547,
        2872.0727667808533,
        2870.8557229042053,
        2870.279870033264,
        2870.254213809967,
        2869.754343509674,
        2868.8417615890503,
        2867.56907081604,
        2865.98291015625,
        2864.125738143921,
        2862.723753452301,
        2861.725721359253,
        2861.0900468826294,
        2860.7804079055786,
        2860.766203403473,
        2860.4843730926514,
        2859.958393573761,
        2859.2101044654846,
        2858.259355068207,
        2857.1404914855957,
        2856.2933592796326,
        2855.6814851760864,
        2855.285487651825,
        2855.090301990509,
        2855.0812559127808,
        2854.8995957374573,
        2854.5570588111877,
        2854.0642142295837,
        2853.4313197135925,
        2852.66757440567,
        2852.0743284225464,
        2851.6414790153503,
        2851.3593802452087
    ],
    "MIN LOSS": 2851.3593802452087,
    "OPT PARAMS CXY COEFFS": [
        [
            1.085947308338832,
            -0.000556590711258391,
            5.431237320119239e-07
        ],
        [
            1.0900633703817761,
            -0.0003650324214886626,
            4.521206076274604e-07
        ]
    ],
    "OPT PARAMS CXY BIAS": [
        2758.0065172744467,
        1218.991971430792,
        0.0
    ],
    "OPT PARAMS AXIS LENGTHS AND ANGLES": [
        [
            2499.6439722919267,
            0.185136776342347,
            0.03464912798779392,
            2.887364374214195,
            -0.034719402708926025,
            -0.02323798575173336,
            -0.12429074589490711,
            -0.016368049228305998,
            0.0,
            0.0
        ],
        [
            2765.5426120447205,
            -6.840185438995834,
            -4.393304528347038,
            0.01887936098131923,
            0.01331041918828804,
            0.272635890856194,
            0.0,
            0.0,
            0.0,
            0.0
        ],
        [
            -93.08244148469069,
            9.42663691998282,
            1.319481688754039,
            0.47049642179946544,
            0.3370768794954775,
            -0.7432406823282278,
            0.0,
            0.0,
            0.0,
            0.0
        ]
    ]
}