{
    "SUM ABS DIFF BEFORE OPTIM": 3219.3241095542908,
    "SUM ABS DIFF AFTER OPTIM": 3093.2717678546906,
    "TRAINING LOSS": [
        3479.4139833450317,
        3330.1250517368317,
        3284.9457144737244,
        3249.8808419704437,
        3225.8414356708527,
        3205.326740026474,
        3187.2482323646545,
        3175.1910791397095,
        3167.1167290210724,
        3161.801528930664,
        3158.5062079429626,
        3156.719488143921,
        3154.2035608291626,
        3151.1326196193695,
        3147.641197681427,
        3143.8191072940826,
        3139.7520756721497,
        3136.613714694977,
        3134.2445015907288,
        3132.5281021595,
        3131.3714134693146,
        3130.6991832256317,
        3129.695254087448,
        3128.4039826393127,
        3126.8637816905975,
        3125.106633901596,
        3123.158951282501,
        3121.595710992813,
        3120.3756136894226,
        3119.4662895202637,
        3118.8377068042755,
        3118.463741540909,
        3117.893355369568,
        3117.1456756591797,
        3116.236373901367,
        3115.179017305374,
        3113.988158226013,
        3113.017698764801,
        3112.250586271286,
        3111.6719624996185,
        3111.267407178879,
        3111.023728609085,
        3110.648168563843,
        3110.149899482727,
        3109.5367164611816,
        3108.8175764083862,
        3107.999308347702,
        3107.32607793808,
        3106.7891397476196,
        3106.3802869319916,
        3106.09174823761,
        3105.9167907238007,
        3105.644734144211,
        3105.2811090946198,
        3104.8312487602234,
        3104.300304412842,
        3103.6926724910736,
        3103.1903314590454,
        3102.786885023117,
        3102.4781787395477,
        3102.259595632553,
        3102.1263802051544,
        3101.917978286743,
        3101.638359069824,
        3101.2908866405487,
        3100.8789567947388,
        3100.4053506851196,
        3100.012306690216,
        3099.6956832408905,
        3099.4523334503174,
        3099.2790184020996,
        3099.173205137253,
        3099.0068736076355,
        3098.7830305099487,
        3098.5039987564087,
        3098.1713371276855,
        3097.7879383563995,
        3097.4682581424713,
        3097.2098813056946,
        3097.010647535324,
        3096.8685326576233,
        3096.7813358306885,
        3096.6443169116974,
        3096.4593830108643,
        3096.2280662059784,
        3095.952125787735,
        3095.633457183838,
        3095.367171525955,
        3095.151608943939,
        3094.9850862026215,
        3094.865987062454,
        3094.792726278305,
        3094.6775121688843,
        3094.521410226822,
        3094.3262264728546,
        3094.09260058403,
        3093.822508573532,
        3093.59664106369,
        3093.413460969925,
        3093.2717678546906
    ],
    "MIN LOSS": 3093.2717678546906,
    "OPT PARAMS CXY COEFFS": [
        [
            1.0597597685489504,
            -0.0003157423552698366,
            3.192834157705975e-07
        ],
        [
            1.059759791913828,
            -0.0003157190724266387,
            3.425313967965085e-07
        ]
    ],
    "OPT PARAMS CXY BIAS": [
        2758.0101874291654,
        1218.9884640284333,
        0.0
    ],
    "OPT PARAMS AXIS LENGTHS AND ANGLES": [
        [
            2499.6440116664794,
            0.18443389009322914,
            0.035399023450715085,
            2.8862901426277863,
            -0.034170692385063324,
            -0.02312736346392984,
            -0.12536388804801019,
            -0.01694495423999151,
            0.0,
            0.0
        ],
        [
            2765.5386500197137,
            -6.844117796147385,
            -4.397377497109884,
            0.014986573241340447,
            0.009189904580612356,
            0.268585528435903,
            0.0,
            0.0,
            0.0,
            0.0
        ],
        [
            -93.09198233896282,
            9.419059143647573,
            1.3081966152070388,
            0.46407874454435444,
            0.32521592258888327,
            -0.7507601323448164,
            0.0,
            0.0,
            0.0,
            0.0
        ]
    ]
}