{
    "SUM ABS DIFF BEFORE OPTIM": 4746.682859420776,
    "SUM ABS DIFF AFTER OPTIM": 4244.507051944733,
    "TRAINING LOSS": [
        4746.682859420776,
        4680.340970039368,
        4561.239517688751,
        4470.32094335556,
        4408.3539934158325,
        4366.571160793304,
        4336.042244911194,
        4318.878068447113,
        4308.792936325073,
        4303.1542983055115,
        4300.559595584869,
        4300.1730580329895,
        4298.200235366821,
        4295.018858909607,
        4290.925652503967,
        4286.133737564087,
        4280.811492443085,
        4276.932960510254,
        4274.236500740051,
        4272.527530670166,
        4271.660999774933,
        4271.521681308746,
        4270.766073703766,
        4269.470832824707,
        4267.704084396362,
        4265.527595996857,
        4262.992489814758,
        4261.058196544647,
        4259.661551475525,
        4258.748605251312,
        4258.273343086243,
        4258.19512796402,
        4257.761535167694,
        4257.003286361694,
        4255.948825836182,
        4254.624706268311,
        4253.054530620575,
        4251.83682346344,
        4250.9442439079285,
        4250.35272026062,
        4250.040545940399,
        4249.988577842712,
        4249.696940422058,
        4249.181784152985,
        4248.457071304321,
        4247.53747177124,
        4246.434952259064,
        4245.571870326996,
        4244.933612346649,
        4244.507051944733
    ],
    "MIN LOSS": 4244.507051944733,
    "OPT PARAMS CXY COEFFS": [
        [
            1.0859473076762756,
            -0.0005565841711048699,
            5.522370433418574e-07
        ],
        [
            1.090063369225881,
            -0.00036503575882619555,
            4.4762028157731695e-07
        ]
    ],
    "OPT PARAMS CXY BIAS": [
        2758.0071457155373,
        1218.9916907685824,
        0.0
    ],
    "OPT PARAMS AXIS LENGTHS AND ANGLES": [
        [
            2499.6444588240283,
            0.18540218519551366,
            0.03527628803025372,
            2.887428057671603,
            -0.03394968844738431,
            -0.022751482780519958,
            -0.12437251220259816,
            -0.015447855337122358,
            0.0,
            0.0
        ],
        [
            2765.5423417192223,
            -6.840457823092369,
            -4.3935779898142435,
            0.01861003330842455,
            0.013039219100915345,
            0.27236213034732204,
            0.0,
            0.0,
            0.0,
            0.0
        ],
        [
            -93.08272877997398,
            9.423664268446046,
            1.3234116198745054,
            0.46883341279891305,
            0.34047207700134147,
            -0.7442355982956677,
            0.0,
            0.0,
            0.0,
            0.0
        ]
    ]
}