{
    "SUM ABS DIFF BEFORE OPTIM": 4768.0633845329285,
    "SUM ABS DIFF AFTER OPTIM": 4288.667995929718,
    "TRAINING LOSS": [
        4768.0633845329285,
        4751.088115692139,
        4634.111487865448,
        4537.788260936737,
        4468.002799987793,
        4418.6732721328735,
        4383.2276701927185,
        4364.630171775818,
        4353.964086055756,
        4348.137390136719,
        4345.6249051094055,
        4345.520405292511,
        4343.608509063721,
        4340.3147168159485,
        4335.978662490845,
        4330.866132259369,
        4325.176232337952,
        4321.0832414627075,
        4318.28190612793,
        4316.555571079254,
        4315.738931655884,
        4315.70253610611,
        4314.991659641266,
        4313.693600654602,
        4311.886177062988,
        4309.6367835998535,
        4307.0034646987915,
        4305.023017406464,
        4303.615751743317,
        4302.719973564148,
        4302.284157276154,
        4302.264220237732,
        4301.867034435272,
        4301.125680923462,
        4300.070390701294,
        4298.728552818298,
        4297.124814033508,
        4295.890897274017,
        4294.997825622559,
        4294.419898033142,
        4294.134548187256,
        4294.121391773224,
        4293.855316162109,
        4293.353434085846,
        4292.631281852722,
        4291.703681468964,
        4290.584827423096,
        4289.715796947479,
        4289.081536769867,
        4288.667995929718
    ],
    "MIN LOSS": 4288.667995929718,
    "OPT PARAMS CXY COEFFS": [
        [
            1.0859473073516606,
            -0.0005565842805092051,
            5.510659418997261e-07
        ],
        [
            1.0900633694879638,
            -0.00036503551545959205,
            4.4785135593953707e-07
        ]
    ],
    "OPT PARAMS CXY BIAS": [
        2758.006813248049,
        1218.9923101761485,
        0.0
    ],
    "OPT PARAMS AXIS LENGTHS AND ANGLES": [
        [
            2499.644377628707,
            0.18540110040941313,
            0.03513980998325348,
            2.8874861420847355,
            -0.034130842097719355,
            -0.022821202794714765,
            -0.12428259152977005,
            -0.015662731963239165,
            0.0,
            0.0
        ],
        [
            2765.5429235967963,
            -6.839886427580134,
            -4.392990059345349,
            0.01917110243909088,
            0.01363443072686374,
            0.2729385523310954,
            0.0,
            0.0,
            0.0,
            0.0
        ],
        [
            -93.07980102896293,
            9.424303806691249,
            1.3242474283271528,
            0.46912337065868787,
            0.34075521695603755,
            -0.7426995118439125,
            0.0,
            0.0,
            0.0,
            0.0
        ]
    ]
}