{
    "SUM ABS DIFF BEFORE OPTIM": 4759.3529686927795,
    "SUM ABS DIFF AFTER OPTIM": 3941.3207330703735,
    "TRAINING LOSS": [
        4759.3529686927795,
        4430.334422111511,
        4289.649971008301,
        4213.001554965973,
        4164.956659317017,
        4124.786573410034,
        4090.1534099578857,
        4067.282311439514,
        4052.1271467208862,
        4042.220393180847,
        4036.0874733924866,
        4032.7646470069885,
        4028.0821437835693,
        4022.3786487579346,
        4015.8925681114197,
        4008.8358402252197,
        4001.356704235077,
        3995.6139311790466,
        3991.299482345581,
        3988.187241077423,
        3986.0952019691467,
        3984.878744125366,
        3983.0605845451355,
        3980.721965789795,
        3977.9336199760437,
        3974.7552123069763,
        3971.245327949524,
        3968.439904689789,
        3966.260492324829,
        3964.6387662887573,
        3963.518630027771,
        3962.8518419265747,
        3961.833384990692,
        3960.4959416389465,
        3958.869516849518,
        3956.9824709892273,
        3954.857810974121,
        3953.1282691955566,
        3951.7643609046936,
        3950.735557079315,
        3950.0153346061707,
        3949.581328392029,
        3948.9112615585327,
        3948.0218181610107,
        3946.9288578033447,
        3945.6474685668945,
        3944.1923599243164,
        3942.9980692863464,
        3942.0458183288574,
        3941.3207330703735
    ],
    "MIN LOSS": 3941.3207330703735,
    "OPT PARAMS CXY COEFFS": [
        [
            1.0859473213258848,
            -0.0005565729134301374,
            5.39612699354866e-07
        ],
        [
            1.0900633785975096,
            -0.0003650311637561689,
            4.4515812014224866e-07
        ]
    ],
    "OPT PARAMS CXY BIAS": [
        2758.0217984457427,
        1218.9771042244479,
        0.0
    ],
    "OPT PARAMS AXIS LENGTHS AND ANGLES": [
        [
            2499.6451220673507,
            0.18449536031847852,
            0.03691502738876573,
            2.8856653913047454,
            -0.03134030916320806,
            -0.022566533077800658,
            -0.12640084785546252,
            -0.011963295329983702,
            0.0,
            0.0
        ],
        [
            2765.5280670963652,
            -6.854691173051067,
            -4.408000263203145,
            0.00442688009495691,
            -0.0015014880282415654,
            0.25797827591555694,
            0.0,
            0.0,
            0.0,
            0.0
        ],
        [
            -93.08679532594613,
            9.413118596326594,
            1.336410894631468,
            0.4592334196677563,
            0.35416525091341244,
            -0.7400314457428365,
            0.0,
            0.0,
            0.0,
            0.0
        ]
    ]
}