{"SUM ABS DIFF BEFORE OPTIM": 4754.834352970123, "SUM ABS DIFF AFTER OPTIM": 3913.2169857025146, "TRAINING LOSS": [4754.834352970123, 5277.8172788619995, 4204.06861448288, 4097.012320518494, 4062.9893321990967, 4043.157645225525, 4028.270161628723, 4016.436249732971, 4006.704426765442, 3998.474268913269, 3991.4010038375854, 3985.2256364822388, 3979.7801237106323, 3974.9248762130737, 3970.561463356018, 3966.6095275878906, 3963.0058364868164, 3959.700167655945, 3956.655448913574, 3953.8379850387573, 3951.2197761535645, 3948.7797689437866, 3946.4962768554688, 3944.3511056900024, 3942.3312397003174, 3940.426293373108, 3938.625249862671, 3936.917901992798, 3935.296766281128, 3933.755662918091, 3932.287968635559, 3930.887119293213, 3929.5495052337646, 3928.2695922851562, 3927.0443086624146, 3925.86851978302, 3924.7390089035034, 3923.652910232544, 3922.60768699646, 3921.60099029541, 3920.6304874420166, 3919.693899154663, 3918.789086341858, 3917.9144611358643, 3917.0687551498413, 3916.2500429153442, 3915.456913948059, 3914.6878662109375, 3913.9415245056152, 3913.2169857025146], "MIN LOSS": 3913.2169857025146, "OPT PARAMS CXY COEFFS": [[1.0859473219896498, -0.0005565737246433233, 5.409275286827069e-07], [1.0900633705878113, -0.0003650361812797327, 4.441683323672566e-07]], "OPT PARAMS CXY BIAS": [2758.0242408974086, 1218.9754693991622, 0.0], "OPT PARAMS AXIS LENGTHS AND ANGLES": [[2499.644964961344, 0.18535655873088575, 0.036219576605194016, 2.8871145835893786, -0.03252797654924695, -0.02242772245599661, -0.12479585941336482, -0.013557972666285193, 0.0, 0.0], [2765.5263177651104, -6.856411288858073, -4.409756720156784, 0.0027570092120676325, -0.00325639385504804, 0.25624488354156616, 0.0, 0.0, 0.0, 0.0], [-93.0958794330049, 9.414514103217153, 1.3348124454123098, 0.4596251323808729, 0.3562439106900762, -0.7473307847698603, 0.0, 0.0, 0.0, 0.0]]}