{"SUM ABS DIFF BEFORE OPTIM": 4744.502058506012, "SUM ABS DIFF AFTER OPTIM": 4156.4296798706055, "TRAINING LOSS": [4744.502058506012, 4430.973676204681, 4363.774834156036, 4326.030143737793, 4297.192094326019, 4273.0587549209595, 4251.9591183662415, 4238.0025815963745, 4228.668533325195, 4222.533111572266, 4218.7143812179565, 4216.636079311371, 4213.698796749115, 4210.103407382965, 4205.999940395355, 4201.5074191093445, 4196.715271949768, 4193.004173278809, 4190.193937778473, 4188.155067443848, 4186.7805252075195, 4185.980321884155, 4184.782690048218, 4183.237811565399, 4181.38934135437, 4179.276825428009, 4176.934386730194, 4175.054901599884, 4173.587755203247, 4172.492658615112, 4171.734680652618, 4171.282742023468, 4170.5912256240845, 4169.681242465973, 4168.572227478027, 4167.2823305130005, 4165.8265290260315, 4164.639171123505, 4163.699195384979, 4162.988247871399, 4162.489772796631, 4162.188789844513, 4161.7238845825195, 4161.106241226196, 4160.346385002136, 4159.454360961914, 4158.43891954422, 4157.603867053986, 4156.937527656555, 4156.4296798706055], "MIN LOSS": 4156.4296798706055, "OPT PARAMS CXY COEFFS": [[1.085947311102681, -0.000556581205545931, 5.491858562260155e-07], [1.0900633732164178, -0.0003650336632855844, 4.471348728001253e-07]], "OPT PARAMS CXY BIAS": [2758.0107866939825, 1218.9880318893622, 0.0], "OPT PARAMS AXIS LENGTHS AND ANGLES": [[2499.6448383787115, 0.18502988365595402, 0.03613584721920326, 2.886536708969413, -0.03269970801098241, -0.022485169863437262, -0.12551822887524114, -0.013900703174402252, 0.0, 0.0], [2765.5387494916167, -6.844047175933584, -4.39719125995486, 0.015025880762247326, 0.009411071161291173, 0.26874977560143803, 0.0, 0.0, 0.0, 0.0], [-93.0945639718221, 9.420148867680709, 1.3242986493595026, 0.46567147131544884, 0.3440460782237501, -0.7489346167746181, 0.0, 0.0, 0.0, 0.0]]}