{
    "SUM ABS DIFF BEFORE OPTIM": 4734.33736038208,
    "SUM ABS DIFF AFTER OPTIM": 4133.485992908478,
    "TRAINING LOSS": [
        4734.33736038208,
        4410.232995033264,
        4277.409863471985,
        4249.247329235077,
        4231.142930984497,
        4218.19627571106,
        4208.3250613212585,
        4200.474623680115,
        4194.025887012482,
        4188.598682880402,
        4183.944083213806,
        4179.896190166473,
        4176.33416557312,
        4173.167042255402,
        4170.326656341553,
        4167.757737159729,
        4165.418870925903,
        4163.277780532837,
        4161.306926727295,
        4159.484537601471,
        4157.7914843559265,
        4156.212248325348,
        4154.736985683441,
        4153.355680942535,
        4152.057455062866,
        4150.834339141846,
        4149.678724765778,
        4148.585036277771,
        4147.547948360443,
        4146.562462806702,
        4145.623888969421,
        4144.729001045227,
        4143.875976085663,
        4143.060672283173,
        4142.279340267181,
        4141.530044078827,
        4140.81044960022,
        4140.118711948395,
        4139.4536147117615,
        4138.813017845154,
        4138.195614814758,
        4137.599937915802,
        4137.024760723114,
        4136.469241142273,
        4135.932001590729,
        4135.4120221138,
        4134.908036231995,
        4134.419270515442,
        4133.945649623871,
        4133.485992908478
    ],
    "MIN LOSS": 4133.485992908478,
    "OPT PARAMS CXY COEFFS": [
        [
            1.0859473123254593,
            -0.0005565799821705382,
            5.477837887321667e-07
        ],
        [
            1.0900633708086773,
            -0.0003650345763851576,
            4.4697086612908804e-07
        ]
    ],
    "OPT PARAMS CXY BIAS": [
        2758.011599470512,
        1218.987247738641,
        0.0
    ],
    "OPT PARAMS AXIS LENGTHS AND ANGLES": [
        [
            2499.6444503785733,
            0.18494705388471294,
            0.03569052809862664,
            2.886786361865119,
            -0.03311608191610379,
            -0.022819621790078876,
            -0.1250489893139199,
            -0.014244639992789944,
            0.0,
            0.0
        ],
        [
            2765.53782984302,
            -6.8449661397844,
            -4.398119762707289,
            0.014105708747727744,
            0.008476845495678864,
            0.2678213171769469,
            0.0,
            0.0,
            0.0,
            0.0
        ],
        [
            -93.07999469880697,
            9.420396333883033,
            1.3290008868271581,
            0.4654383901436421,
            0.34574622384664216,
            -0.7444599098097396,
            0.0,
            0.0,
            0.0,
            0.0
        ]
    ]
}