{"SUM ABS DIFF BEFORE OPTIM": 3213.0730562210083, "SUM ABS DIFF AFTER OPTIM": 2793.7357392311096, "TRAINING LOSS": [187450.9013671875, 163472.1324119568, 160012.82776641846, 157878.89657592773, 156249.24767684937, 154914.20066452026, 153775.43697357178, 153035.60860061646, 152547.141040802, 152228.88568496704, 152032.0557899475, 151925.3787727356, 151775.26557159424, 151592.3314552307, 151384.6438522339, 151158.30046081543, 150918.000705719, 150732.57360839844, 150592.92847442627, 150491.9291267395, 150423.8960838318, 150384.34093093872, 150325.21649169922, 150249.12162399292, 150158.31549453735, 150054.70609664917, 149940.034450531, 149848.11214447021, 149776.5375328064, 149723.18130493164, 149686.3105354309, 149664.3480949402, 149630.79579162598, 149586.72184753418, 149533.08728790283, 149470.74395370483, 149400.5121459961, 149343.29022979736, 149298.04528045654, 149263.8468170166, 149239.88606262207, 149225.4585838318, 149203.16091156006, 149173.54119491577, 149137.13514328003, 149094.4045715332, 149045.75832366943, 149005.78157806396, 148973.85905838013, 148949.55473327637], "MIN LOSS": 148949.55473327637, "OPT PARAMS CXY COEFFS": [[1.0859473064371534, -0.0005565968725881848, 5.400406570500833e-07], [1.0900633747263193, -0.00036502936757321, 4.535618998243385e-07]], "OPT PARAMS CXY BIAS": [2758.0118087512797, 1218.988316704181, 0.0], "OPT PARAMS AXIS LENGTHS AND ANGLES": [[2499.6449148903284, 0.18559151530398546, 0.035099782106519574, 2.887378550768993, -0.034764981233353705, -0.023341514555648996, -0.12462457155477455, -0.01693528412307112, 0.0, 0.0], [2765.539043518701, -6.843775158632187, -4.396903259102157, 0.015271370708863736, 0.009702289037387015, 0.2690121975714676, 0.0, 0.0, 0.0, 0.0], [-93.07964514106791, 9.427129127928648, 1.321590414019929, 0.46974497383767466, 0.33888588723157104, -0.7427750752864932, 0.0, 0.0, 0.0, 0.0]]}