{
    "SUM ABS DIFF BEFORE OPTIM": 3243.233293533325,
    "SUM ABS DIFF AFTER OPTIM": 3243.233293533325,
    "TRAINING LOSS": [
        189877.47955322266,
        344649.07762145996,
        5281687.274307251,
        6735186.871688843,
        6731467.941169739,
        6729665.388916016,
        6728581.741416931,
        5262755.291389465,
        5262099.714332581,
        5261667.130271912,
        5261318.77583313,
        5261029.402492523,
        5260783.490531921,
        5260569.441390991,
        5260382.4477882385,
        5260215.474845886,
        5260065.61889267,
        5259929.821712494,
        5259806.561424255,
        5259693.2733306885,
        5259588.175449371,
        5259490.754249573,
        5259400.125564575,
        5259316.092761993,
        5259237.0252075195,
        5259162.440090179,
        5259092.371799469,
        5259025.952316284,
        5258963.343696594,
        5258903.783065796,
        5258846.989269257,
        5258792.75340271,
        5258740.862663269,
        5258692.15814209,
        5258644.961494446,
        5258599.640701294,
        5258556.086582184,
        5258514.138591766,
        5258474.727069855,
        5258435.736652374,
        5258398.6015625,
        5258362.723049164,
        5258328.037445068,
        5258294.955112457,
        5258261.943809509,
        5258229.922901154,
        5258199.870876312,
        5258170.220623016,
        5258141.418956757,
        5258113.428649902
    ],
    "MIN LOSS": 189877.47955322266,
    "OPT PARAMS CXY COEFFS": [
        [
            1.0859473,
            -0.000556592144,
            5.48586221e-07
        ],
        [
            1.09006337,
            -0.000365032841,
            4.51764466e-07
        ]
    ],
    "OPT PARAMS CXY BIAS": [
        2758.0,
        1219.0,
        0.0
    ],
    "OPT PARAMS AXIS LENGTHS AND ANGLES": [
        [
            2499.64063531,
            0.18209488,
            0.03107323,
            2.88452691,
            -0.03847153,
            -0.02654681,
            -0.12702866,
            -0.02022648,
            0.0,
            0.0
        ],
        [
            2765.55044151,
            -6.83235681,
            -4.38549775,
            0.02671118,
            0.02110941,
            0.28043923,
            0.0,
            0.0,
            0.0,
            0.0
        ],
        [
            -93.08141194626909,
            9.42944697,
            1.31815639,
            0.47404313,
            0.33433636,
            -0.74189097,
            0.0,
            0.0,
            0.0,
            0.0
        ]
    ]
}