{
    "SUM ABS DIFF BEFORE OPTIM": 3213.7629613876343,
    "SUM ABS DIFF AFTER OPTIM": 2846.8398237228394,
    "TRAINING LOSS": [
        186947.3766555786,
        180038.0354309082,
        170058.17071533203,
        164812.83168029785,
        161798.6144104004,
        159733.15782165527,
        158128.8911819458,
        157213.80883026123,
        156674.39109039307,
        156372.3187980652,
        156233.18127441406,
        156212.48065185547,
        156106.98166275024,
        155936.92578125,
        155718.0167427063,
        155462.49937438965,
        155179.7481689453,
        154974.1692314148,
        154831.65716552734,
        154741.69287872314,
        154696.22674560547,
        154688.9291419983,
        154649.47496795654,
        154582.057762146,
        154490.40120697021,
        154377.7854347229,
        154247.06119155884,
        154147.7903289795,
        154076.4105606079,
        154029.89045715332,
        154005.70964050293,
        154001.73595046997,
        153979.75749206543,
        153941.4167327881,
        153888.1859741211,
        153821.4761238098,
        153742.52392959595,
        153681.50911331177,
        153636.87490844727,
        153607.36084747314,
        153591.81300354004,
        153589.23903274536,
        153574.77611923218,
        153549.26764297485,
        153513.46032333374,
        153468.11046981812,
        153413.88902282715,
        153371.5387916565,
        153340.28665924072,
        153319.462184906
    ],
    "MIN LOSS": 153319.462184906,
    "OPT PARAMS CXY COEFFS": [
        [
            1.0859473058545746,
            -0.0005565964570441533,
            5.428501725656002e-07
        ],
        [
            1.0900633751673938,
            -0.00036502887044902833,
            4.541738858709326e-07
        ]
    ],
    "OPT PARAMS CXY BIAS": [
        2758.007653517731,
        1218.9915200502376,
        0.0
    ],
    "OPT PARAMS AXIS LENGTHS AND ANGLES": [
        [
            2499.644197782672,
            0.18525382831835752,
            0.0344442097875878,
            2.887336792891652,
            -0.03531672347563985,
            -0.023605443583823583,
            -0.12448083321232321,
            -0.017331391522313184,
            0.0,
            0.0
        ],
        [
            2765.5422418460766,
            -6.840592748379664,
            -4.3936438669760145,
            0.018418615018816812,
            0.013000067911906306,
            0.27225586478285746,
            0.0,
            0.0,
            0.0,
            0.0
        ],
        [
            -93.08150334332981,
            9.427649972131615,
            1.3189538865574635,
            0.47131909493652224,
            0.33573466259299967,
            -0.7430430558735655,
            0.0,
            0.0,
            0.0,
            0.0
        ]
    ]
}