{
    "SUM ABS DIFF BEFORE OPTIM": 3231.2889366149902,
    "SUM ABS DIFF AFTER OPTIM": 2803.531542301178,
    "TRAINING LOSS": [
        188705.65854644775,
        184701.04759979248,
        158902.49394607544,
        156457.93715286255,
        155317.57469177246,
        154587.50131607056,
        154056.72520446777,
        153644.30641937256,
        153310.28504943848,
        153031.8709640503,
        152794.8280029297,
        152589.62313079834,
        152409.6247367859,
        152249.98148345947,
        152107.10521316528,
        151978.18099212646,
        151861.10177230835,
        151754.14238739014,
        151655.8769340515,
        151565.20002365112,
        151481.18078231812,
        151403.0361328125,
        151330.11462402344,
        151261.84217834473,
        151197.76665496826,
        151137.4280166626,
        151080.5199394226,
        151026.70803451538,
        150975.70720672607,
        150927.2954788208,
        150881.2892112732,
        150837.43865585327,
        150795.62076950073,
        150755.64694976807,
        150717.4295425415,
        150680.81755447388,
        150645.68021011353,
        150611.97465133667,
        150579.57000732422,
        150548.36667251587,
        150518.33228683472,
        150489.39427947998,
        150461.43629074097,
        150434.45719146729,
        150408.38104248047,
        150383.14100646973,
        150358.75701141357,
        150335.11391448975,
        150312.19075393677,
        150289.95180130005
    ],
    "MIN LOSS": 150289.95180130005,
    "OPT PARAMS CXY COEFFS": [
        [
            1.0859473010397016,
            -0.0005565968279620886,
            5.40386965369138e-07
        ],
        [
            1.0900633704119818,
            -0.0003650329735230419,
            4.510588032876741e-07
        ]
    ],
    "OPT PARAMS CXY BIAS": [
        2758.0122388067725,
        1218.9878463973116,
        0.0
    ],
    "OPT PARAMS AXIS LENGTHS AND ANGLES": [
        [
            2499.644499187948,
            0.18538837591148785,
            0.034706105846305256,
            2.8873885777301838,
            -0.035115809998097484,
            -0.023474980168706586,
            -0.12445361054764761,
            -0.01720169398885839,
            0.0,
            0.0
        ],
        [
            2765.538425466183,
            -6.844409958271121,
            -4.397552615985301,
            0.014639815806453587,
            0.009035032467704034,
            0.2683463791817096,
            0.0,
            0.0,
            0.0,
            0.0
        ],
        [
            -93.08069666501665,
            9.428167417985248,
            1.319553946248469,
            0.4706377776630824,
            0.3363106770841935,
            -0.7422973007359827,
            0.0,
            0.0,
            0.0,
            0.0
        ]
    ]
}