{"SUM ABS DIFF BEFORE OPTIM": 3225.511646747589, "SUM ABS DIFF AFTER OPTIM": 3017.027436733246, "TRAINING LOSS": [188374.53072357178, 181940.61296844482, 8857943.631702423, 2759203.5315856934, 2756925.3153266907, 2755167.828350067, 2753664.701061249, 2752684.53931427, 2752034.049686432, 2751607.2484664917, 2751341.2461471558, 2751195.759654999, 2750989.5603790283, 2750736.7127723694, 2750448.357406616, 2750133.688800812, 2749798.8367385864, 2749540.3736190796, 2749345.2669525146, 2749203.831905365, 2749108.5039596558, 2749052.754764557, 2748969.3027534485, 2748861.505153656, 2748732.550868988, 2748585.732673645, 2748422.495693207, 2748292.040271759, 2748190.5739250183, 2748114.673175812, 2748061.7409820557, 2748030.614917755, 2747982.5936279297, 2747919.428001404, 2747842.7691574097, 2747753.607727051, 2747652.6111717224, 2747570.8262252808, 2747505.724544525, 2747456.257007599, 2747421.968006134, 2747401.336666107, 2747369.1452026367, 2747326.447692871, 2747273.9778175354, 2747212.446609497, 2747142.4872512817, 2747084.4493865967, 2747039.0499153137, 2747003.5614624023], "MIN LOSS": 181940.61296844482, "OPT PARAMS CXY COEFFS": [[1.085947295, -0.000556597144, 5.435862210000001e-07], [1.090063365, -0.000365037841, 4.46764466e-07]], "OPT PARAMS CXY BIAS": [2758.005, 1218.995, 0.0], "OPT PARAMS AXIS LENGTHS AND ANGLES": [[2499.64563531, 0.18709488, 0.03607323, 2.88952691, -0.03347153, -0.02154681, -0.12202865999999998, -0.01522648, 0.0, 0.0], [2765.54544151, -6.83735681, -4.39049775, 0.02171118, 0.016109409999999998, 0.27543923, 0.0, 0.0, 0.0, 0.0], [-93.08641194626908, 9.42444697, 1.31315639, 0.46904313, 0.32933636, -0.74689097, 0.0, 0.0, 0.0, 0.0]]}