{
    "SUM ABS DIFF BEFORE OPTIM": 3243.281111240387,
    "SUM ABS DIFF AFTER OPTIM": 2883.79101228714,
    "TRAINING LOSS": [
        190129.09116363525,
        188267.8720855713,
        176773.49590301514,
        170110.1234817505,
        166363.3913192749,
        163937.84749603271,
        162123.2504272461,
        161116.56774139404,
        160535.12689590454,
        160218.82564544678,
        160082.8484802246,
        160077.21507263184,
        159974.4080581665,
        159797.67044448853,
        159565.1976890564,
        159291.18365859985,
        158986.57425689697,
        158767.36014938354,
        158617.54747390747,
        158525.3256149292,
        158481.7258682251,
        158479.77449417114,
        158441.96227264404,
        158373.0023536682,
        158277.08895111084,
        158157.92013168335,
        158018.77109909058,
        157914.04404830933,
        157839.70235061646,
        157792.4510154724,
        157769.4436264038,
        157768.40307235718,
        157747.52555084229,
        157708.59719467163,
        157653.3225440979,
        157583.24629211426,
        157499.75413513184,
        157435.7724685669,
        157389.5820121765,
        157359.74401474,
        157345.04648208618,
        157344.36563110352,
        157330.7172050476,
        157304.93907928467,
        157267.9494972229,
        157220.53218460083,
        157163.43689346313,
        157119.233959198,
        157087.02376174927,
        157066.0583152771
    ],
    "MIN LOSS": 157066.0583152771,
    "OPT PARAMS CXY COEFFS": [
        [
            1.0859473046165766,
            -0.0005565963898778584,
            5.432216947465077e-07
        ],
        [
            1.090063374183716,
            -0.0003650296024841946,
            4.540392704932664e-07
        ]
    ],
    "OPT PARAMS CXY BIAS": [
        2758.007352301855,
        1218.9919324126683,
        0.0
    ],
    "OPT PARAMS AXIS LENGTHS AND ANGLES": [
        [
            2499.6439840594257,
            0.18513292640863704,
            0.03425634281264408,
            2.8873011763188408,
            -0.03547877875595674,
            -0.02369365231460314,
            -0.12444894760324458,
            -0.017464406483223963,
            0.0,
            0.0
        ],
        [
            2765.5426307050056,
            -6.840189197282045,
            -4.393248314412352,
            0.01883001700532243,
            0.013394405758156541,
            0.27266835794973454,
            0.0,
            0.0,
            0.0,
            0.0
        ],
        [
            -93.08233129266524,
            9.427229930375477,
            1.3182574892438825,
            0.47119970559671337,
            0.33535582147609333,
            -0.7435764476146092,
            0.0,
            0.0,
            0.0,
            0.0
        ]
    ]
}