{
    "SUM ABS DIFF BEFORE OPTIM": 4767.354004383087,
    "SUM ABS DIFF AFTER OPTIM": 4315.777245521545,
    "TRAINING LOSS": [
        470841.47160339355,
        461916.6441192627,
        448166.7911376953,
        439898.3755645752,
        434704.55645751953,
        430963.629196167,
        427945.61139678955,
        426168.9867782593,
        425101.6262512207,
        424497.291053772,
        424217.21729278564,
        424175.40201568604,
        423962.18925476074,
        423617.35693359375,
        423171.54945373535,
        422648.42332458496,
        422066.1449356079,
        421640.43927001953,
        421344.1986465454,
        421156.70848846436,
        421061.79331970215,
        421046.5561904907,
        420964.03129577637,
        420822.8986816406,
        420630.71326446533,
        420394.09241485596,
        420118.84188842773,
        419909.36196136475,
        419758.44344329834,
        419659.9733886719,
        419608.7304458618,
        419600.36377716064,
        419553.710899353,
        419472.3480911255,
        419359.29930877686,
        419217.4448776245,
        419049.38494873047,
        418919.27519989014,
        418824.06202697754,
        418761.031791687,
        418727.84143829346,
        418722.31845092773,
        418691.40076446533,
        418636.7883987427,
        418560.1519546509,
        418462.9979019165,
        418346.7459182739,
        418255.92906188965,
        418188.846572876,
        418144.0882873535
    ],
    "MIN LOSS": 418144.0882873535,
    "OPT PARAMS CXY COEFFS": [
        [
            1.085947306845564,
            -0.0005565854689453507,
            5.545207022756091e-07
        ],
        [
            1.0900633766970484,
            -0.00036503020022253795,
            4.508526810391935e-07
        ]
    ],
    "OPT PARAMS CXY BIAS": [
        2758.009032894927,
        1218.9919016637086,
        0.0
    ],
    "OPT PARAMS AXIS LENGTHS AND ANGLES": [
        [
            2499.6448153546357,
            0.18560311572988822,
            0.03501892521923452,
            2.887316066229868,
            -0.03476668773930117,
            -0.02323197878811544,
            -0.12488217310091727,
            -0.016770498854361993,
            0.0,
            0.0
        ],
        [
            2765.5427027198857,
            -6.840102368861539,
            -4.39324083256144,
            0.018954235324483724,
            0.013357486658435974,
            0.27269173985530304,
            0.0,
            0.0,
            0.0,
            0.0
        ],
        [
            -93.07780184821091,
            9.425307236463546,
            1.3235826251789957,
            0.46947863818154395,
            0.34011565115200315,
            -0.7380584836559176,
            0.0,
            0.0,
            0.0,
            0.0
        ]
    ]
}