{"SUM ABS DIFF BEFORE OPTIM": 4786.72433423996, "SUM ABS DIFF AFTER OPTIM": 4222.362649440765, "TRAINING LOSS": [473612.16471862793, 449506.581451416, 423274.12802124023, 419448.946434021, 417394.3907928467, 415984.7517852783, 414922.7820968628, 414080.44077301025, 413389.1719741821, 412807.77324676514, 412309.46002960205, 411875.90489959717, 411494.0311508179, 411154.2639541626, 410849.26333618164, 410573.4902648926, 410322.44901275635, 410092.7336578369, 409881.39558410645, 409686.0377960205, 409504.78885650635, 409336.06507110596, 409178.36864471436, 409030.614692688, 408891.81732940674, 408761.0225906372, 408637.52756500244, 408520.6647872925, 408409.8501281738, 408304.583404541, 408204.4197769165, 408108.9838409424, 408017.84101867676, 407930.7213745117, 407847.33542633057, 407767.421333313, 407690.74781036377, 407617.0655899048, 407546.2318649292, 407478.02239227295, 407412.30641174316, 407348.9779815674, 407287.76553344727, 407228.6853866577, 407171.5671234131, 407116.24157714844, 407062.7007904053, 407010.84687805176, 406960.5666885376, 406911.762840271], "MIN LOSS": 406911.762840271, "OPT PARAMS CXY COEFFS": [[1.085947310536326, -0.0005565834409348135, 5.544172360982987e-07], [1.0900633717253292, -0.0003650328080607385, 4.488347631659435e-07]], "OPT PARAMS CXY BIAS": [2758.0130248393657, 1218.9874872871615, 0.0], "OPT PARAMS AXIS LENGTHS AND ANGLES": [[2499.6459514440244, 0.18603129706254784, 0.035990466896077565, 2.8872788326345398, -0.033964620759209765, -0.02287833374174213, -0.12509353307351298, -0.016138160465998707, 0.0, 0.0], [2765.538219231213, -6.8445802773395785, -4.397753284022929, 0.014492853724977158, 0.008826496633400176, 0.2681835148142477, 0.0, 0.0, 0.0, 0.0], [-93.07404171449694, 9.421164021441735, 1.3281595573230345, 0.46568471248665083, 0.34475972359302115, -0.7412512339001159, 0.0, 0.0, 0.0, 0.0]]}