{
    "SUM ABS DIFF BEFORE OPTIM": 4730.0280022621155,
    "SUM ABS DIFF AFTER OPTIM": 4295.134026527405,
    "TRAINING LOSS": [
        462767.09504699707,
        460413.1047592163,
        445466.63342285156,
        435682.60905456543,
        429520.7733154297,
        425258.05408477783,
        421957.6167984009,
        420079.4984893799,
        418973.41136169434,
        418363.42917633057,
        418098.8612060547,
        418087.8818283081,
        417886.34812927246,
        417538.31967926025,
        417077.83177948,
        416531.3933029175,
        415919.3035507202,
        415475.5002975464,
        415170.5185470581,
        414982.0437774658,
        414892.71240997314,
        414888.7005996704,
        414811.02391052246,
        414669.099029541,
        414471.1718673706,
        414224.5603790283,
        413935.5462875366,
        413717.3223724365,
        413562.00479888916,
        413463.0570678711,
        413414.82681274414,
        413412.6312789917,
        413368.76108551025,
        413286.92431640625,
        413170.5275115967,
        413022.7007598877,
        412846.25522613525,
        412710.6679763794,
        412612.71241760254,
        412549.35413360596,
        412518.1030883789,
        412516.6639480591,
        412487.5273361206,
        412432.6374359131,
        412353.717880249,
        412252.48666381836,
        412130.41316223145,
        412035.7509536743,
        411966.70976257324,
        411921.71837615967
    ],
    "MIN LOSS": 411921.71837615967,
    "OPT PARAMS CXY COEFFS": [
        [
            1.0859473064393415,
            -0.0005565857705933021,
            5.528852345140943e-07
        ],
        [
            1.0900633760733773,
            -0.00036503050526083785,
            4.5114793905329844e-07
        ]
    ],
    "OPT PARAMS CXY BIAS": [
        2758.0083306383144,
        1218.9924203347382,
        0.0
    ],
    "OPT PARAMS AXIS LENGTHS AND ANGLES": [
        [
            2499.644590494015,
            0.18545782853076487,
            0.034841447376686756,
            2.887252540109094,
            -0.034894521928255755,
            -0.023323005652285858,
            -0.12488143179827545,
            -0.01684641661288589,
            0.0,
            0.0
        ],
        [
            2765.543194515503,
            -6.8395997037070035,
            -4.3927497312262105,
            0.019466354786715802,
            0.013846852102271701,
            0.27319401291261053,
            0.0,
            0.0,
            0.0,
            0.0
        ],
        [
            -93.07759876991511,
            9.429896286049715,
            1.3229689073602897,
            0.46995121231855475,
            0.33942646247419694,
            -0.7362227921372618,
            0.0,
            0.0,
            0.0,
            0.0
        ]
    ]
}