{
    "SUM ABS DIFF BEFORE OPTIM": 4741.623764038086,
    "SUM ABS DIFF AFTER OPTIM": 4029.462845802307,
    "TRAINING LOSS": [
        465405.1862182617,
        446455.93826293945,
        415143.7198410034,
        407603.2108154297,
        402637.6237640381,
        398479.9703979492,
        394868.1864852905,
        392492.47888946533,
        390911.24532318115,
        389874.936126709,
        389230.9623413086,
        388880.5584259033,
        388385.7200088501,
        387781.09690093994,
        387093.1082687378,
        386342.1328125,
        385544.00340270996,
        384927.80181121826,
        384463.41301727295,
        384127.22187805176,
        383900.6756820679,
        383768.76570892334,
        383571.41651916504,
        383317.2470474243,
        383013.75743865967,
        382667.4930419922,
        382284.2217102051,
        381977.1219329834,
        381737.9882507324,
        381559.75244903564,
        381436.47271728516,
        381363.04804992676,
        381250.7801361084,
        381103.2648925781,
        380923.7787017822,
        380715.1629714966,
        380480.18508148193,
        380288.7964630127,
        380137.4329071045,
        380023.08656311035,
        379943.00634765625,
        379894.71228027344,
        379820.10206604004,
        379720.99116516113,
        379599.1760864258,
        379456.10107421875,
        379293.4497756958,
        379159.69943237305,
        379053.0109024048,
        378971.744972229
    ],
    "MIN LOSS": 378971.744972229,
    "OPT PARAMS CXY COEFFS": [
        [
            1.085947314148737,
            -0.0005565875534312156,
            5.466683251558304e-07
        ],
        [
            1.0900633785326668,
            -0.00036502914584947584,
            4.4829541646076856e-07
        ]
    ],
    "OPT PARAMS CXY BIAS": [
        2758.0237351849596,
        1218.9781344458588,
        0.0
    ],
    "OPT PARAMS AXIS LENGTHS AND ANGLES": [
        [
            2499.649310338958,
            0.18800353401022668,
            0.038446074845940335,
            2.8879559333954816,
            -0.032473766261186976,
            -0.021718097594405135,
            -0.1254094827992752,
            -0.015651196208134332,
            0.0,
            0.0
        ],
        [
            2765.529458127352,
            -6.853305680069067,
            -4.406668116802271,
            0.005831203771278967,
            -0.00019815121381413657,
            0.2593012762510686,
            0.0,
            0.0,
            0.0,
            0.0
        ],
        [
            -93.07435370546071,
            9.413595065245854,
            1.3344520756182847,
            0.45936345980602955,
            0.35196696666088245,
            -0.7400952091768664,
            0.0,
            0.0,
            0.0,
            0.0
        ]
    ]
}