{
    "SUM ABS DIFF BEFORE OPTIM": 4754.015224456787,
    "SUM ABS DIFF AFTER OPTIM": 4022.1229209899902,
    "TRAINING LOSS": [
        467359.75982666016,
        599984.6340637207,
        412299.4917297363,
        398576.54875183105,
        393978.11335754395,
        391447.3451309204,
        389730.5990447998,
        388439.19245910645,
        387408.88592529297,
        386555.579788208,
        385830.5104293823,
        385202.7515563965,
        384651.2148742676,
        384160.9874572754,
        383721.1149368286,
        383323.1170730591,
        382960.64067840576,
        382628.51360321045,
        382322.63829803467,
        382039.5916519165,
        381776.63165283203,
        381531.5054626465,
        381302.1505279541,
        381086.9618988037,
        380884.47216033936,
        380693.51055908203,
        380512.9753341675,
        380341.9242477417,
        380179.5795516968,
        380025.1961364746,
        379878.1077041626,
        379737.81868743896,
        379603.74562072754,
        379475.4445800781,
        379352.5434188843,
        379234.6842575073,
        379121.43923950195,
        379012.5653305054,
        378907.8363189697,
        378806.90005493164,
        378709.59785461426,
        378615.7034301758,
        378524.99056243896,
        378437.28352355957,
        378352.466217041,
        378270.29901885986,
        378190.71509552,
        378113.54914855957,
        378038.7735519409,
        377966.1028060913
    ],
    "MIN LOSS": 377966.1028060913,
    "OPT PARAMS CXY COEFFS": [
        [
            1.085947311666834,
            -0.0005565842470189875,
            5.548652101354796e-07
        ],
        [
            1.0900633699644997,
            -0.00036503546624677333,
            4.463511024764806e-07
        ]
    ],
    "OPT PARAMS CXY BIAS": [
        2758.0251836370485,
        1218.9765260484753,
        0.0
    ],
    "OPT PARAMS AXIS LENGTHS AND ANGLES": [
        [
            2499.6463117035087,
            0.18642962631841875,
            0.03622023986190424,
            2.887864594184611,
            -0.03381203905598767,
            -0.022538164659985035,
            -0.12436802744665182,
            -0.016016644218155365,
            0.0,
            0.0
        ],
        [
            2765.527724815166,
            -6.855117418835773,
            -4.408424582014666,
            0.003971553205381628,
            -0.0019661960981053194,
            0.2574725944035906,
            0.0,
            0.0,
            0.0,
            0.0
        ],
        [
            -93.07629375698225,
            9.410075571293477,
            1.3297707744659373,
            0.45456905294922345,
            0.34894160190177365,
            -0.7354372172990843,
            0.0,
            0.0,
            0.0,
            0.0
        ]
    ]
}