{"SUM ABS DIFF BEFORE OPTIM": 4757.483298778534, "SUM ABS DIFF AFTER OPTIM": 4224.736396789551, "TRAINING LOSS": [468715.24028015137, 435368.1088562012, 428991.9787826538, 424860.07487487793, 421666.66162109375, 419010.77295684814, 416707.82179260254, 415188.6548843384, 414175.6166687012, 413511.423828125, 413099.1463241577, 412875.2615890503, 412559.86893463135, 412174.8165435791, 411736.4602432251, 411257.37258148193, 410747.19665527344, 410352.3778152466, 410054.3978729248, 409838.5680465698, 409693.1307601929, 409608.48877716064, 409481.9765777588, 409319.0442352295, 409124.4553375244, 408902.316986084, 408656.1108932495, 408458.5877227783, 408304.6612930298, 408189.92530059814, 408110.5615386963, 408063.31114959717, 407991.06175994873, 407896.2127151489, 407780.67852020264, 407646.3748931885, 407494.99198913574, 407371.6346511841, 407274.011756897, 407200.257522583, 407148.6045150757, 407117.4362106323, 407069.33964538574, 407005.4125137329, 406926.8438568115, 406834.5661315918, 406729.5824737549, 406643.1908340454, 406574.346786499, 406521.82904815674], "MIN LOSS": 406521.82904815674, "OPT PARAMS CXY COEFFS": [[1.0859473096927783, -0.0005565835903264916, 5.535632045192098e-07], [1.0900633766775694, -0.00036502908019415444, 4.5002496670398657e-07]], "OPT PARAMS CXY BIAS": [2758.0121857693184, 1218.9883865237257, 0.0], "OPT PARAMS AXIS LENGTHS AND ANGLES": [[2499.646584891944, 0.186601634953349, 0.03647569229310415, 2.8874342197435388, -0.03365742560216567, -0.022555778600855305, -0.12549401277312364, -0.016043502482222964, 0.0, 0.0], [2765.539230029242, -6.843566583066367, -4.396737855022473, 0.015505230939870713, 0.009843821387808652, 0.26920210609155154, 0.0, 0.0, 0.0, 0.0], [-93.07651653677087, 9.42270002282752, 1.3266780325376977, 0.4667864702818962, 0.343476771080321, -0.741798932001593, 0.0, 0.0, 0.0, 0.0]]}